Workbook
Name Slicer_Category: #N/A
Name Slicer_City: #N/A
Name Slicer_Product: #N/A
Name Slicer_Product1: #N/A

Sheet SalesData
A1: OrderID | B1: Date | C1: Product | D1: Category | E1: Region | F1: City | G1: Salesperson | H1: CustomerType | I1: Quantity | J1: UnitPrice | K1: Revenue
A2: ORD0001 | B2: 2025-03-11 | C2: Printer | D2: Electronics | E2: South | F2: Bangalore | G2: Rahul | H2: Wholesale | I2: 8 | J2: 164.5 | K2: 1316
A3: ORD0002 | B3: 2025-03-08 | C3: Office Desk | D3: Furniture | E3: South | F3: Delhi | G3: Karan | H3: Wholesale | I3: 9 | J3: 287.31 | K3: 2585.79
A4: ORD0003 | B4: 2025-03-16 | C4: Mouse | D4: Electronics | E4: South | F4: Pune | G4: Rahul | H4: Retail | I4: 6 | J4: 22.74 | K4: 136.44
A5: ORD0004 | B5: 2025-03-18 | C5: Pen Pack | D5: Stationery | E5: South | F5: Mumbai | G5: Priya | H5: Retail | I5: 3 | J5: 3.27 | K5: 9.81
A6: ORD0005 | B6: 2025-03-03 | C6: Keyboard | D6: Electronics | E6: East | F6: Jaipur | G6: Rahul | H6: Wholesale | I6: 6 | J6: 33.67 | K6: 202.02
A7: ORD0006 | B7: 2025-03-25 | C7: Notebook | D7: Stationery | E7: North | F7: Bangalore | G7: Sneha | H7: Wholesale | I7: 9 | J7: 4.5 | K7: 40.5
A8: ORD0007 | B8: 2025-03-03 | C8: Keyboard | D8: Electronics | E8: East | F8: Ahmedabad | G8: Riya | H8: Wholesale | I8: 3 | J8: 37.24 | K8: 111.72
A9: ORD0008 | B9: 2025-03-09 | C9: Printer | D9: Electronics | E9: North | F9: Jaipur | G9: Priya | H9: Retail | I9: 3 | J9: 165.41 | K9: 496.23
A10: ORD0009 | B10: 2025-03-23 | C10: Pen Pack | D10: Stationery | E10: South | F10: Delhi | G10: Karan | H10: Wholesale | I10: 1 | J10: 2.86 | K10: 2.86
A11: ORD0010 | B11: 2025-03-24 | C11: Laptop | D11: Electronics | E11: East | F11: Ahmedabad | G11: Priya | H11: Retail | I11: 6 | J11: 730.62 | K11: 4383.72
A12: ORD0011 | B12: 2025-03-21 | C12: Desk Chair | D12: Furniture | E12: North | F12: Mumbai | G12: Sneha | H12: Wholesale | I12: 3 | J12: 117.86 | K12: 353.58
A13: ORD0012 | B13: 2025-03-06 | C13: Monitor | D13: Electronics | E13: South | F13: Delhi | G13: Riya | H13: Retail | I13: 8 | J13: 196.14 | K13: 1569.12
... A501: ORD0500 | B501: 2025-03-05 | C501: Backpack | D501: Accessories | E501: South | F501: Pune | G501: Riya | H501: Retail | I501: 5 | J501: 46.73 | K501: 233.65

Sheet Dataset
A1: OrderID | B1: Date | C1: Product | D1: Category | E1: Region | F1: City | G1: Salesperson | H1: CustomerType | I1: Quantity | J1: UnitPrice | K1: Revenue | L1: Revenue Category | M1: Quantity Category
A2: ORD0500 | B2: 2025-03-05 | C2: Backpack | D2: Accessories | E2: South | F2: Pune | G2: Riya | H2: Retail | I2: 5 | J2: 46.73 | K2: 233.65 | L2: Low | M2: Bulk
A3: ORD0498 | B3: 2025-03-07 | C3: Keyboard | D3: Electronics | E3: North | F3: Bangalore | G3: Karan | H3: Retail | I3: 2 | J3: 34.58 | K3: 69.16 | L3: Low | M3: Normal
A4: ORD0003 | B4: 2025-03-16 | C4: Mouse | D4: Electronics | E4: South | F4: Pune | G4: Rahul | H4: Retail | I4: 6 | J4: 22.74 | K4: 136.44 | L4: Low | M4: Bulk
A5: ORD0004 | B5: 2025-03-18 | C5: Pen Pack | D5: Stationery | E5: South | F5: Mumbai | G5: Priya | H5: Retail | I5: 3 | J5: 3.27 | K5: 9.81 | L5: Low | M5: Normal
A6: ORD0497 | B6: 2025-03-26 | C6: Keyboard | D6: Electronics | E6: North | F6: Ahmedabad | G6: Amit | H6: Retail | I6: 9 | J6: 35.34 | K6: 318.06 | L6: Low | M6: Bulk
A7: ORD0496 | B7: 2025-03-26 | C7: Laptop | D7: Electronics | E7: North | F7: Ahmedabad | G7: Rahul | H7: Retail | I7: 8 | J7: 823.18 | K7: 6585.44 | L7: High | M7: Bulk
A8: ORD0495 | B8: 2025-03-06 | C8: Keyboard | D8: Electronics | E8: West | F8: Mumbai | G8: Sneha | H8: Retail | I8: 10 | J8: 35.13 | K8: 351.3 | L8: Low | M8: Bulk
A9: ORD0008 | B9: 2025-03-09 | C9: Printer | D9: Electronics | E9: North | F9: Jaipur | G9: Priya | H9: Retail | I9: 3 | J9: 165.41 | K9: 496.23 | L9: Low | M9: Normal
A10: ORD0493 | B10: 2025-03-16 | C10: Notebook | D10: Stationery | E10: South | F10: Bangalore | G10: Karan | H10: Retail | I10: 6 | J10: 4.55 | K10: 27.3 | L10: Low | M10: Bulk
A11: ORD0010 | B11: 2025-03-24 | C11: Laptop | D11: Electronics | E11: East | F11: Ahmedabad | G11: Priya | H11: Retail | I11: 6 | J11: 730.62 | K11: 4383.72 | L11: High | M11: Bulk
A12: ORD0492 | B12: 2025-03-20 | C12: Desk Chair | D12: Furniture | E12: West | F12: Delhi | G12: Riya | H12: Retail | I12: 9 | J12: 140.5 | K12: 1264.5 | L12: High | M12: Bulk
A13: ORD0012 | B13: 2025-03-06 | C13: Monitor | D13: Electronics | E13: South | F13: Delhi | G13: Riya | H13: Retail | I13: 8 | J13: 196.14 | K13: 1569.12 | L13: High | M13: Bulk
... A258: ORD0258 | B258: 2025-03-12 | C258: Desk Chair | D258: Furniture | E258: North | F258: Bangalore | G258: Priya | H258: Retail | I258: 10 | J258: 133.74 | K258: 1337.4 | L258: High | M258: Bulk

Sheet Data Summarization
B2: Data Analysis
A5: Revenue by Category | D5: Revenue by Region | G5: Product Performance | J5: Category | K5: (All)
A6: Row Labels | B6: Sum of Revenue | D6: Row Labels | E6: Sum of Revenue | G6: Row Labels | H6: Sum of Quantity | J6: City Analysis
A7: Accessories | B7: 13455.11 | D7: East | E7: 89967.21 | G7: Backpack | H7: 322 | J7: Row Labels | K7: Average of Revenue
A8: Electronics | B8: 264921.85 | D8: North | E8: 69055.61 | G8: Desk Chair | H8: 316 | J8: Ahmedabad | K8: 727.76915
A9: Furniture | B9: 110047.34 | D9: South | E9: 123709.83 | G9: Keyboard | H9: 301 | J9: Bangalore | K9: 663.36258
A10: Stationery | B10: 2287.77 | D10: West | E10: 107979.42 | G10: Laptop | H10: 230 | J10: Delhi | K10: 881.32795
A11: Grand Total | B11: 390712.07 | D11: Grand Total | E11: 390712.07 | G11: Monitor | H11: 222 | J11: Jaipur | K11: 753.2175
G12: Mouse | H12: 253 | J12: Mumbai | K12: 842.27348
G13: Notebook | H13: 271 | J13: Pune | K13: 830.53352
A14: Salesperson Performance | D14: Customer Type Analysis | G14: Office Desk | H14: 269 | J14: Grand Total | K14: 781.42414
A15: Row Labels | B15: Sum of Revenue | D15: Row Labels | E15: Average of Revenue | G15: Pen Pack | H15: 271
A16: Amit | B16: 53035.43 | D16: Retail | E16: 746.92202 | G16: Printer | H16: 240
A17: Karan | B17: 66858.63 | D17: Wholesale | E17: 817.91403 | G17: Grand Total | H17: 2695
A18: Priya | B18: 57860.24 | D18: Grand Total | E18: 781.42414
A19: Rahul | B19: 62668.59
A20: Riya | B20: 90381.01
A21: Sneha | B21: 59908.17 | D21: Region + Category Analysis
A22: Grand Total | B22: 390712.07 | D22: Average of Revenue | E22: Column Labels
D23: Row Labels | E23: Accessories | F23: Electronics | G23: Furniture | H23: Stationery | I23: Grand Total
D24: East | E24: 206.42889 | F24: 946.87667 | G24: 1226.2214 | H24: 24.217429 | I24: 656.69496
D25: North | E25: 201.03533 | F25: 1069.4123 | G25: 1026.0555 | H25: 24.656071 | I25: 657.67248
D26: South | E26: 252.349 | F26: 1239.5807 | G26: 1075.4641 | H26: 19.083636 | I26: 930.1491
D27: West | E27: 233.35389 | F27: 1160.0518 | G27: 1089.5313 | H27: 20.621875 | I27: 863.83536
D28: Grand Total | E28: 220.57557 | F28: 1113.117 | G28: 1100.4734 | H28: 22.651188 | I28: 781.42414
A30: Summarization
B32: Revenue by Category | K32: Salesperson Performance
B34: Electronics generated the highest revenue (264,921.85), while Stationery generated the lowest. | K34: Riya generated the highest revenue, while Priya generated the lowest.
B36: Revenue by Region | K36: Customer Type Analysis
B38: South region had the highest revenue, followed by West. | K38: Wholesale customers had higher average revenue than Retail customers.
B40: Product Performance | K40: City Analysis
B42: Backpack had the highest quantity sold, while Monitor had lower sales. | K42: Delhi showed the highest average revenue among cities.
K44: Region + Category Analysis
K46: Electronics performed best across all regions.

Sheet Charts
A1: CHARTS

Sheet Regrestion
A1: SUMMARY OUTPUT
A3: Regression Statistics
A4: Multiple R | B4: 0.85640455
A5: R Square | B5: 0.73342875
A6: Adjusted R Square | B6: 0.73237926
A7: Standard Error | B7: 96.179195
A8: Observations | B8: 256
A10: ANOVA
B11: df | C11: SS | D11: MS | E11: F | F11: Significance F
A12: Regression | B12: 1 | C12: 6464584.4 | D12: 6464584.4 | E12: 698.84094 | F12: 6.9838087e-75
A13: Residual | B13: 254 | C13: 2349611.1 | D13: 9250.4375
A14: Total | B14: 255 | C14: 8814195.5
B16: Coefficients | C16: Standard Error | D16: t Stat | E16: P-value | F16: Lower 95% | G16: Upper 95% | H16: Lower 95.0% | I16: Upper 95.0%
A17: Intercept | B17: 33.257249 | C17: 7.2115839 | D17: 4.6116429 | E17: 6.3364538e-06 | F17: 19.055134 | G17: 47.459364 | H17: 19.055134 | I17: 47.459364
A18: 233.65 | B18: 0.14062783 | C18: 0.0053196383 | D18: 26.4356 | E18: 6.9838087e-75 | F18: 0.13015161 | G18: 0.15110405 | H18: 0.13015161 | I18: 0.15110405

Sheet Satstical Formula
E5: Satscical Formula
E7: Mean | F7: 746.92202
E8: Standard Error | F8: 70.516071
E9: Median | F9: 318.06
E10: Mode | F10: 27.3
E11: Standard Deviation | F11: 1130.4586
E12: Sample Variance | F12: 1277936.7
E13: Kurtosis | F13: 9.4829861
E14: Skewness | F14: 2.8266106
E15: Range | F15: 6582.62
E16: Minimum | F16: 2.82
E17: Maximum | F17: 6585.44
E18: Sum | F18: 191958.96
E19: Count | F19: 257

Sheet Formulas 
A1: Formulas
C4: Keyboard | G4: Date And Time Functions
C5: IF formulas | G5: Today's Date | H5: =TODAY() -> 46160
C6: IF Function | D6: =IF(Dataset!K2>1000,"High","Low") -> Low | G6: End of Current Month | H6: =EOMONTH(TODAY(),0) -> 46173
C7: Nested If | D7: =IF(Dataset!K2>3000,"Excellent",IF(Dataset!K2>1000,"Good","Low")) -> Low | G7: Current Timestamp | H7: =NOW() -> 46160.663
C8: If And | D8: =IF(AND(Dataset!I2>5,Dataset!K2>1000),"Top","Normal") -> Normal
C9: If OR | D9: =IF(OR(Dataset!D2="Electronics",Dataset!D2="Furniture"),"Priority","Normal") -> Normal
C10: Ifs | D10: =IFS(Dataset!K2>3000,"Excellent",Dataset!K2>1000,"Good",TRUE,"Low") -> #NAME? | G10: LOOK UP Values
G11: Vlookup | H11: =VLOOKUP(I11,Dataset!$C$2:$K$201,9,FALSE) -> 69.16 | I11: Keyboard
C12: COUNT Functions | G12: Hlookup | H12: =HLOOKUP("Revenue",Dataset!A1:M20,2,FALSE) -> 233.65 | I12: Keyboard
C13: Count ifs | D13: =COUNTIF(Dataset!D:D,"Electronics") -> 117 | G13: math and index | H13: =INDEX(Dataset!K:K,MATCH(C4,Dataset!C:C,0)) -> 69.16
C14: Count ifs | D14: =COUNTIFS(Dataset!E:E,"South",Dataset!D:D,"Electronics") -> 35 | G14: xlookup | H14: =XLOOKUP(C4,Dataset!C:C,Dataset!K:K) -> #NAME?
C15: CountA | D15: =COUNTA(Dataset!A:A) -> 258 | G15: Xmatch | H15: =XMATCH(C4,Dataset!C:C) -> #NAME?
C18: TEXT Functions | G18: Statistic funtions
C19: TEXT Functions | D19: =TEXT(Dataset!B2,"mmmm") -> March | G19: Sum | H19: =SUM(Dataset!K:K) -> 191958.96
C20: Left | D20: =LEFT(Dataset!A2,3) -> ORD | G20: Average | H20: =AVERAGE(Dataset!K:K) -> 746.92202
C21: right | D21: =RIGHT(Dataset!A2,4) -> 0500 | G21: Max | H21: =MAX(Dataset!K:K) -> 6585.44
C22: mid | D22: =MID(Dataset!A2,4,4) -> 0500 | G22: Min | H22: =MIN(Dataset!K:K) -> 2.82
C23: length | D23: =LEN(Dataset!C2) -> 8
C24: upper | D24: =UPPER(Dataset!C2) -> BACKPACK
C25: lower | D25: =LOWER(Dataset!C2) -> backpack

Sheet Dashbord
A1: Dashbord Analysis
B4: Total Revenue | E4: Total Orders | H4: Total Quantity Sold | K4: Top Salesperson
B6: =SUM(Dataset!K2:K260) -> 191958.96 | E6: =COUNTA(Dataset!A2:A258)-1 -> 256 | H6: =SUM(Dataset!I2:I258) -> 1381 | K6: =INDEX(Dataset!G2:G258,MATCH(MAX(Dataset!K2:K258),Dataset!K2:K258,0)) -> Rahul
